Student_height,Student_weight
126.25586317363256,54.00281432334363
178.56701008318754,79.11216483993003
198.8258950640911,88.83642963076373
163.68909908696526,71.97076756174332
194.53301967378079,86.77584944341478
